tick,battery
0,99
1,96
2,93
3,90
4,87
5,84
6,81
7,78
8,75
9,72
10,69
11,66
12,63
13,60
14,57
15,67
16,77
17,87
18,84
19,81
20,78
21,88
22,85
23,82
24,79
25,76
26,73
27,70
28,67
29,64
30,74
31,84
32,81
33,78
34,88
35,85
36,82
37,79
38,76
39,73
40,70
41,67
42,64
43,61
44,58
45,55
46,52
47,49
48,46
49,43
50,40
51,37
52,34
53,31
54,28
55,25
56,22
57,19
58,16
59,13
60,10
61,7
62,17
63,27
64,37
65,47
66,57
67,67
68,77
69,87
70,84
71,81
72,78
73,75
74,72
75,69
76,66
77,63
78,73
79,83
80,80
81,78
82,75
83,72
84,69
85,66
86,63
87,60
88,57
89,54
90,51
91,48
92,45
93,42
94,39
95,36
96,33
97,30
98,27
99,24
100,21
101,18
102,15
103,12
104,9
105,6
106,3
107,0
108,10
109,20
110,30
111,40
112,50
113,60
114,70
115,80
116,77
117,74
118,71
119,68
120,66
121,63
122,60
123,57
124,54
125,52
126,49
127,46
128,43
129,40
130,37
131,34
132,31
133,29
134,26
135,23
136,20
137,17
138,14
139,11
140,8
141,5
142,2
143,12
144,22
145,32
146,42
147,52
148,62
149,72
150,82
151,79
152,76
153,73
154,70
155,67
156,64
157,62
158,59
159,56
160,53
161,50
162,47
163,44
164,41
165,38
166,48
167,58
168,68
169,78
170,88
171,85
172,82
173,79
174,76
175,73
176,70
177,67
178,64
179,61
180,58
181,55
182,52
183,49
184,46
185,43
186,40
187,37
188,34
189,31
190,28
191,25
192,22
193,19
194,16
195,26
196,36
197,46
198,56
199,66
200,76
201,86
202,83
203,80
204,77
205,74
206,71
207,68
208,65
209,62
210,59
211,56
212,66
213,76
214,86
215,83
216,80
217,77
218,74
219,71
220,68
221,65
222,62
223,59
224,56
225,53
226,50
227,47
228,44
229,41
230,38
231,35
232,33
233,30
234,27
235,24
236,21
237,18
238,15
239,12
240,9
241,6
242,3
243,0
244,0
245,0
246,0
247,0
248,0
249,0
250,0
251,0
252,0
253,0
254,0
255,0
256,0
257,0
258,0
259,0
260,0
261,0
262,0
263,0
264,0
265,0
266,0
267,0
268,0
269,0
270,0
271,0
272,0
273,0
274,0
275,0
276,0
277,0
278,0
279,0
280,0
281,0
282,0
283,0
284,0
285,0
286,0
287,0
288,0
289,0
290,0
291,0
292,0
293,0
294,0
295,0
296,0
297,0
298,0
299,0
300,0
301,0
302,0
303,0
304,0
305,0
306,0
307,0
308,0
309,0
310,0
311,0
312,0
313,0
314,0
315,0
316,0
317,0
318,0
319,0
320,0
321,0
322,0
323,0
324,0
325,0
326,0
327,0
328,0
329,0
330,0
331,0
332,0
333,0
334,0
335,0
336,0
337,0
338,0
339,0
340,0
341,0
342,0
343,0
344,0
345,0
346,0
347,0
348,0
349,0
350,0
351,0
352,0
353,0
354,0
355,0
356,0
357,0
358,0
359,0
360,0
361,0
362,0
363,0
364,0
365,0
366,0
367,0
368,0
369,0
370,0
371,0
372,0
373,0
374,0
375,0
376,0
377,0
378,0
379,0
380,0
381,0
382,0
383,0
384,0
385,0
386,0
387,0
388,0
389,0
390,0
391,0
392,0
393,0
394,0
395,0
396,0
397,0
398,0
399,0
400,0
401,0
402,0
403,0
404,0
405,0
406,0
407,0
408,0
409,0
410,0
411,0
412,0
413,0
414,0
415,0
416,0
417,0
418,0
419,0
420,0
421,0
422,0
423,0
424,0
425,0
426,0
427,0
428,0
429,0
430,0
431,0
432,0
433,0
